Aalst|Belgium
Abu Dhabi
Addis Ababa
Aleppo
Algiers|Algeria
Amman
Amsterdam|Netherlands
Ankara|Turkey
Antalya|Turkey
Antwerp|Belgium
Athens|Greece
Atlanta|USA,Georgia
Auckland
Austin|USA,Texas
Baghdad|Iraq
Bangalore|India
Bangkok
Barcelona|Spain
Beirut|Lebanon
Bejing|Chian
Belfast|UK,Northern-Ireland
Berlin
Bodrum|Turkey
Bogota
Bordeaux|France
Boston|USA,Massachusetts
Brasilia|Brazil
Brazzaville
Brugge|Belgium
Brussels|Belgium
Bucharest|Romania
Budapest|Hungary
Buenos Aires|Argentina
Burgas|Bulgaria
Bursa|Turkey
Cagliari|Italy,Sardinia
Cairo|Egypt
Calcutta|India
Canberra|Australia
Cancun|Mexico
Cape Town|South-Africa
Casablanca|Morocco
Catania|Italy,Sicily
Chennai
Chicago|Illinois,USA
Da Nang
Dakar
Dallas|Texas,USA
Delhi|India
Detroit|Michigan,USA
Dhaka
Dubai|UAE
Dublin|Ireland
Dusseldorf|Germany
Edinburgh|UK,Scotland
Firenze|Italy
Frankfurt|Germany
Geneva|Switzerland
Genova|Italy
Gent|Belgium
Georgetown
Granada|Spain
Hamburg|Germany
Hanoi
Hasselt|Belgium
Helsinki|Finland
Heraklion|Greece
Ho Chi Minh City
Hong Kong
Honolulu
Houston|Texas,USA
Istanbul|Turkey
Jaipur
Jakarta
Jerusalem|Israel
Johannesburg|South-Africa
Kabul
Karachi
Kharkiv|Ukraine
Kingston
Kinshasa|Congo
Kopenhagen
Kuala Lumpur
Kyiv|Ukraine
Kyoto|Japan
Lagos
Lahore
Las Vegas|Nevada,USA
Leuven
Libreville
Lima|Peru
Lisbon|Portugal
London|UK
Los Angeles|California,USA
Luanda
Luhansk
Lyon|France
Macau
Madrid|Spain
Manila|Philippines
Mariupol
Marrakesh|Morocco
Marseille|France
Mecca
Mechelen|Belgium
Medina
Melbourne|Australia
Messina
Mexico City|Mexico
Miami|Florida,USA
Milan|Italy
Minsk
Monaco
Monrovia
Montreal
Moscow|Russia
Mumbai|India
Munich|Germany
Nairobi
Nanjing
Napoli|Italy
Nassau
New Delhi
New York|USA
Nice|France
Odesa
Oostende|Belgium
Orlando|USA
Osaka|Japan
Oslo|Norway
Ouagadougou
Palermo|Italy,Sicily
Panama City
Paris|France
Pattaya
Philadelphia
Phnom Penh
Phoenix
Phuket
Porto
Prague|Czech Republic
Pristina
Pyongyang
Quito
Reykjavik|Iceland
Rhodos|Greec
Riga
Rimini
Rio de Janeiro|Brasil
Rome|Italy
Saint Petersburg|Russia
San Francisco|California,USA
San Jose|California,USA
San Salvador
Santiago|Chile
Sao Paulo|Brasil
Sarajevo
Sardinia|Italy
Seoul|South Korea
Sevilla|Spain
Shanghai
Sicily|Italy
Singapore
Skopje
Sofia|Bulgaria
Split
Stockholm|Sweden
Suva
Sydney|Australia
Taipei
Tallinn
Tbilisi|Georgia
Tehran|Iran
Tel Aviv|Israel
Tirana
Tokyo|Japan
Torino
Toronto|Canada
Tripoli
Valletta
Vancouver|Canada
Varna|Bulgaria
Venice|Italy
Vienna|Austria
Vilnius|Lithuania
Warsaw|Poland
Washington
Washington D.C.
Wuhan
Yerevan
Zagreb|Croatia
Zurich|Switzerland
