Akai|brand
Epiphone|brand
Fender|brand
Ibanez|brand
Korg|brand
Moog|brand
Pioneer|brand
Roland|brand
accordion
acoustic guitar
banjo
bass guitar
bassoon
bongo|percussion
cassette tape
cello|strings
clarinet|wind
conga|percussion
contrabass|strings
cornet
cymbal|percussion
didgeridoo
double bass
drums|percussion
electric guitar
fiddle
flamenco guitar
flute
french horn
glockenspiel
gong
guitar
harp
harpsichord
kalimba
lute
mandolin
marimba
melodica
oboe
ocarina
piano
piccolo
recorder
sampler
saxophone
sitar
synthesizer|electronic
tabla
tambourine|percussion
trombone
trumpet
tuba
ukelele|strings
vinyl
viola|strings
violin|strings
xylophone
