Acropolis|Greece
Algarve|Portugal
Alicante|Spain
Amalfi|Italy
Angkor Wat| Cambodia
Ardennes|Belgium
Bahamas
Balaton|Hungary
Bari|Italy
Benidorm|Spain
Brindisi|Italy
Camogli|Italy
Cancun
Capri|Italy
Colloseum|Italy
Corfu|Greece
Costa Brava|Spain
Costa Del Sol|Spain
Costa Dorada|Spain
Cote d'Azur|France
Crete|Greece
Elba|Italy
Etna|Italy
Formentera|Spain
Fuerteventura|Spain
Gran Canaria|Spain
Hawaii
Ibiza|Spain
Kos|Greece
Lago Como|Italy
Lago Lugano|Italy
Lago Maggiore|Italy
Lanzarote|Spain
Lesbos|Greece
Livorno|Italy
Louvre|France
Machu Picchu|Peru
Maldives
Mallorca|Spain
Menorca|Spain
Mykonos|Greece
Portofino|Italy
Positano|Italy
Puglia|Italy
Rhodos|Greece
Rimini|Italy
Salerno|Italy
San Marco|Italy
Santorini|Greece
Taj Mahal|India
Tenerife|Spain
Tuscany|Italy
Valencia|Spain
Vatican|Italy
